Numero de processos,1,2,4,8,16
Média,1.4499999e-05,4.5e-05,0.0005325,0.038356997,0.118406504
Desvio padrão,1.024695e-06,0.0002862779,0.0041645993,0.010555867,0.020637034
